Country,Family,Species,Type,Height
Austria,Anacardiaceae,Cotinus coggygria,Shrub,6.0
Austria,Aquifoliaceae,Ilex aquifolium,Tree,18.8
Austria,Betulaceae,Alnus alnobetula,Tree,7.5
Austria,Betulaceae,Alnus glutinosa,Tree,18.2
Austria,Betulaceae,Alnus incana,Tree,17.5
Austria,Betulaceae,Betula pendula,Tree,13.2
Austria,Betulaceae,Betula pubescens,Tree,11.2
Austria,Betulaceae,Carpinus betulus,Tree,30.0
Austria,Betulaceae,Corylus avellana,Shrub,5.5
Austria,Betulaceae,Ostrya carpinifolia,Tree,17.5
Austria,Buxaceae,Buxus sempervirens,Tree,9.0
Austria,Celastraceae,Euonymus europaeus,Tree,6.5
Austria,Celastraceae,Euonymus latifolius,Tree,9.4
Austria,Cornaceae,Cornus mas,Tree,8.5
Austria,Cupressaceae,Juniperus communis,Conifer,10.0
Austria,Fabaceae,Laburnum anagyroides,Tree,7.0
Austria,Fagaceae,Castanea sativa,Tree,27.5
Austria,Fagaceae,Fagus sylvatica,Tree,49.0
Austria,Fagaceae,Quercus cerris,Tree,2.0
Austria,Fagaceae,Quercus robur,Tree,20.0
Austria,Juglandaceae,Juglans regia,Tree,16.1
Austria,Malvaceae,Tilia cordata,Tree,9.4
Austria,Malvaceae,Tilia platyphyllos,Tree,2.0
Austria,Oleaceae,Fraxinus angustifolia,Tree,25.0
Austria,Oleaceae,Fraxinus excelsior,Tree,15.0
Austria,Oleaceae,Fraxinus ornus,Tree,17.5
Austria,Pinaceae,Abies alba,Conifer,45.0
Austria,Pinaceae,Larix decidua,Conifer,35.0
Austria,Pinaceae,Picea abies,Conifer,18.8
Austria,Pinaceae,Pinus cembra,Conifer,30.0
Austria,Pinaceae,Pinus mugo,Conifer,37.5
Austria,Pinaceae,Pinus nigra,Conifer,37.5
Austria,Pinaceae,Pinus sylvestris,Conifer,35.0
Austria,Pinaceae,Pinus uncinata,Conifer,3.5
Austria,Rhamnaceae,Frangula alnus,Shrub,4.5
Austria,Rhamnaceae,Rhamnus alpina,Tree,10.0
Austria,Rhamnaceae,Rhamnus cathartica,Tree,13.4
Austria,Rosaceae,Crataegus laevigata,Tree,8.0
Austria,Rosaceae,Crataegus monogyna,Tree,9.5
Austria,Rosaceae,Crataegus rhipidophylla,Tree,7.0
Austria,Rosaceae,Malus sylvestris,Tree,10.0
Austria,Rosaceae,Prunus avium,Tree,6.5
Austria,Rosaceae,Prunus padus,Shrub,6.0
Austria,Rosaceae,Prunus spinosa,Tree,13.7
Austria,Rosaceae,Pyrus communis,Tree,10.0
Austria,Rosaceae,Sorbus austriaca,Tree,6.5
Austria,Rosaceae,Sorbus cucullifera,Tree,25.0
Austria,Rosaceae,Sorbus danubialis,Tree,17.5
Austria,Rosaceae,Sorbus domestica,Tree,25.0
Austria,Salicaceae,Populus alba,Tree,15.0
Austria,Salicaceae,Populus nigra,Tree,10.0
Austria,Salicaceae,Salix alba,Tree,11.2
Austria,Salicaceae,Salix caprea,Tree,8.0
Austria,Salicaceae,Salix daphnoides,Shrub,3.0
Austria,Salicaceae,Salix myrsinifolia,Tree,7.0
Austria,Salicaceae,Salix purpurea,Tree,10.0
Austria,Sapindaceae,Acer campestre,Tree,20.0
Austria,Sapindaceae,Acer platanoides,Tree,25.0
Austria,Sapindaceae,Acer pseudoplatanus,Tree,35.0
Austria,Sapindaceae,Acer tataricum,Tree,8.0
Austria,Staphyleaceae,Staphylea pinnata,Shrub,4.0
Austria,Taxaceae,Taxus baccata,Conifer,15.0
Austria,Ulmaceae,Ulmus glabra,Tree,4.5
Austria,Viburnaceae,Sambucus racemosa,Tree,10.9
Belgium,Aquifoliaceae,Ilex aquifolium,Tree,18.8
Belgium,Betulaceae,Alnus glutinosa,Tree,18.2
Belgium,Betulaceae,Betula pendula,Tree,13.2
Belgium,Betulaceae,Betula pubescens,Tree,11.2
Belgium,Betulaceae,Carpinus betulus,Tree,30.0
Belgium,Betulaceae,Corylus avellana,Shrub,5.5
Belgium,Buxaceae,Buxus sempervirens,Tree,9.0
Belgium,Celastraceae,Euonymus europaeus,Tree,6.5
Belgium,Cornaceae,Cornus mas,Tree,8.5
Belgium,Cupressaceae,Juniperus communis,Conifer,10.0
Belgium,Fagaceae,Fagus sylvatica,Tree,49.0
Belgium,Fagaceae,Quercus robur,Tree,20.0
Belgium,Malvaceae,Tilia cordata,Tree,9.4
Belgium,Malvaceae,Tilia platyphyllos,Tree,2.0
Belgium,Oleaceae,Fraxinus excelsior,Tree,15.0
Belgium,Rhamnaceae,Frangula alnus,Shrub,4.5
Belgium,Rhamnaceae,Rhamnus cathartica,Tree,13.4
Belgium,Rosaceae,Crataegus laevigata,Tree,8.0
Belgium,Rosaceae,Crataegus monogyna,Tree,9.5
Belgium,Rosaceae,Crataegus rhipidophylla,Tree,7.0
Belgium,Rosaceae,Malus sylvestris,Tree,10.0
Belgium,Rosaceae,Prunus avium,Tree,6.5
Belgium,Rosaceae,Prunus padus,Shrub,6.0
Belgium,Rosaceae,Prunus spinosa,Tree,13.7
Belgium,Rosaceae,Pyrus communis,Tree,10.0
Belgium,Salicaceae,Populus nigra,Tree,10.0
Belgium,Salicaceae,Salix alba,Tree,11.2
Belgium,Salicaceae,Salix atrocinerea,Tree,7.0
Belgium,Salicaceae,Salix caprea,Tree,8.0
Belgium,Salicaceae,Salix purpurea,Tree,10.0
Belgium,Sapindaceae,Acer campestre,Tree,20.0
Belgium,Sapindaceae,Acer pseudoplatanus,Tree,35.0
Belgium,Taxaceae,Taxus baccata,Conifer,15.0
Belgium,Ulmaceae,Ulmus glabra,Tree,4.5
Belgium,Viburnaceae,Sambucus racemosa,Tree,10.9
Denmark,Aquifoliaceae,Ilex aquifolium,Tree,18.8
Denmark,Betulaceae,Alnus glutinosa,Tree,18.2
Denmark,Betulaceae,Betula pendula,Tree,13.2
Denmark,Betulaceae,Betula pubescens,Tree,11.2
Denmark,Betulaceae,Carpinus betulus,Tree,30.0
Denmark,Betulaceae,Corylus avellana,Shrub,5.5
Denmark,Celastraceae,Euonymus europaeus,Tree,6.5
Denmark,Cupressaceae,Juniperus communis,Conifer,10.0
Denmark,Fagaceae,Fagus sylvatica,Tree,49.0
Denmark,Fagaceae,Quercus robur,Tree,20.0
Denmark,Malvaceae,Tilia cordata,Tree,9.4
Denmark,Malvaceae,Tilia platyphyllos,Tree,2.0
Denmark,Oleaceae,Fraxinus excelsior,Tree,15.0
Denmark,Rhamnaceae,Frangula alnus,Shrub,4.5
Denmark,Rhamnaceae,Rhamnus cathartica,Tree,13.4
Denmark,Rosaceae,Crataegus laevigata,Tree,8.0
Denmark,Rosaceae,Crataegus monogyna,Tree,9.5
Denmark,Rosaceae,Crataegus rhipidophylla,Tree,7.0
Denmark,Rosaceae,Malus sylvestris,Tree,10.0
Denmark,Rosaceae,Prunus avium,Tree,6.5
Denmark,Rosaceae,Prunus padus,Shrub,6.0
Denmark,Rosaceae,Prunus spinosa,Tree,13.7
Denmark,Rosaceae,Pyrus communis,Tree,10.0
Denmark,Salicaceae,Salix alba,Tree,11.2
Denmark,Salicaceae,Salix caprea,Tree,8.0
Denmark,Salicaceae,Salix myrsinifolia,Tree,7.0
Denmark,Sapindaceae,Acer campestre,Tree,20.0
Denmark,Taxaceae,Taxus baccata,Conifer,15.0
Denmark,Ulmaceae,Ulmus glabra,Tree,4.5
France,Anacardiaceae,Cotinus coggygria,Shrub,6.0
France,Anacardiaceae,Pistacia lentiscus,Shrub,4.8
France,Anacardiaceae,Rhus coriaria,Tree,13.2
France,Aquifoliaceae,Ilex aquifolium,Tree,18.8
France,Arecaceae,Chamaerops humilis,Palm,4.0
France,Betulaceae,Alnus alnobetula,Tree,7.5
France,Betulaceae,Alnus cordata,Tree,25.0
France,Betulaceae,Alnus glutinosa,Tree,18.2
France,Betulaceae,Alnus incana,Tree,17.5
France,Betulaceae,Betula pendula,Tree,13.2
France,Betulaceae,Betula pubescens,Tree,11.2
France,Betulaceae,Carpinus betulus,Tree,30.0
France,Betulaceae,Corylus avellana,Shrub,5.5
France,Betulaceae,Ostrya carpinifolia,Tree,17.5
France,Buxaceae,Buxus sempervirens,Tree,9.0
France,Cannabaceae,Celtis australis,Tree,25.0
France,Celastraceae,Euonymus europaeus,Tree,6.5
France,Celastraceae,Euonymus latifolius,Tree,9.4
France,Cornaceae,Cornus mas,Tree,8.5
France,Cupressaceae,Juniperus communis,Conifer,10.0
France,Cupressaceae,Juniperus oxycedrus,Conifer,7.0
France,Cupressaceae,Juniperus phoenicea,Conifer,6.5
France,Cupressaceae,Juniperus thurifera,Conifer,13.0
France,Cupressaceae,Juniperus turbinata,Conifer,8.0
France,Ericaceae,Arbutus unedo,Tree,15.6
France,Ericaceae,Erica arborea,Tree,7.0
France,Fabaceae,Anagyris foetida,Tree,30.1
France,Fabaceae,Cercis siliquastrum,Tree,12.0
France,Fabaceae,Laburnum anagyroides,Tree,7.0
France,Fagaceae,Fagus sylvatica,Tree,49.0
France,Fagaceae,Quercus cerris,Tree,2.0
France,Fagaceae,Quercus coccifera,Tree,38.0
France,Fagaceae,Quercus ilex,Tree,15.0
France,Fagaceae,Quercus pyrenaica,Tree,7.5
France,Fagaceae,Quercus robur,Tree,20.0
France,Fagaceae,Quercus rotundifolia,Tree,15.0
France,Fagaceae,Quercus suber,Tree,33.0
France,Lauraceae,Laurus nobilis,Tree,12.5
France,Malvaceae,Tilia cordata,Tree,9.4
France,Malvaceae,Tilia platyphyllos,Tree,2.0
France,Malvaceae,Tilia tomentosa,Tree,10.0
France,Moraceae,Ficus carica,Tree,8.5
France,Myrtaceae,Myrtus communis,Tree,30.0
France,Oleaceae,Fraxinus angustifolia,Tree,25.0
France,Oleaceae,Fraxinus excelsior,Tree,15.0
France,Oleaceae,Fraxinus ornus,Tree,17.5
France,Oleaceae,Phillyrea latifolia,Tree,15.0
France,Pinaceae,Abies alba,Conifer,45.0
France,Pinaceae,Larix decidua,Conifer,35.0
France,Pinaceae,Picea abies,Conifer,18.8
France,Pinaceae,Pinus cembra,Conifer,30.0
France,Pinaceae,Pinus halepensis,Conifer,30.1
France,Pinaceae,Pinus mugo,Conifer,37.5
France,Pinaceae,Pinus nigra,Conifer,37.5
France,Pinaceae,Pinus pinea,Conifer,16.0
France,Pinaceae,Pinus sylvestris,Conifer,35.0
France,Pinaceae,Pinus uncinata,Conifer,3.5
France,Rhamnaceae,Frangula alnus,Shrub,4.5
France,Rhamnaceae,Rhamnus alaternus,Tree,10.0
France,Rhamnaceae,Rhamnus alpina,Tree,10.0
France,Rhamnaceae,Rhamnus cathartica,Tree,13.4
France,Rosaceae,Crataegus laevigata,Tree,8.0
France,Rosaceae,Crataegus monogyna,Tree,9.5
France,Rosaceae,Crataegus rhipidophylla,Tree,7.0
France,Rosaceae,Malus sylvestris,Tree,10.0
France,Rosaceae,Prunus avium,Tree,6.5
France,Rosaceae,Prunus brigantina,Tree,10.0
France,Rosaceae,Prunus lusitanica,Tree,6.0
France,Rosaceae,Prunus padus,Shrub,6.0
France,Rosaceae,Prunus spinosa,Tree,13.7
France,Rosaceae,Pyrus communis,Tree,10.0
France,Rosaceae,Pyrus cordata,Tree,10.0
France,Rosaceae,Sorbus domestica,Tree,25.0
France,Rosaceae,Sorbus latifolia,Tree,16.1
France,Salicaceae,Populus alba,Tree,15.0
France,Salicaceae,Populus nigra,Tree,10.0
France,Salicaceae,Salix alba,Tree,11.2
France,Salicaceae,Salix atrocinerea,Tree,7.0
France,Salicaceae,Salix caprea,Tree,8.0
France,Salicaceae,Salix daphnoides,Shrub,3.0
France,Salicaceae,Salix myrsinifolia,Tree,7.0
France,Salicaceae,Salix purpurea,Tree,10.0
France,Sapindaceae,Acer campestre,Tree,20.0
France,Sapindaceae,Acer monspessulanum,Tree,12.5
France,Sapindaceae,Acer opalus,Tree,1.0
France,Sapindaceae,Acer platanoides,Tree,25.0
France,Sapindaceae,Acer pseudoplatanus,Tree,35.0
France,Staphyleaceae,Staphylea pinnata,Shrub,4.0
France,Tamaricaceae,Tamarix africana,Tree,10.9
France,Tamaricaceae,Tamarix gallica,Tree,7.3
France,Taxaceae,Taxus baccata,Conifer,15.0
France,Ulmaceae,Ulmus glabra,Tree,4.5
France,Viburnaceae,Sambucus racemosa,Tree,10.9
France,Viburnaceae,Viburnum tinus,Tree,27.5
Germany,Aquifoliaceae,Ilex aquifolium,Tree,18.8
Germany,Betulaceae,Alnus alnobetula,Tree,7.5
Germany,Betulaceae,Alnus glutinosa,Tree,18.2
Germany,Betulaceae,Alnus incana,Tree,17.5
Germany,Betulaceae,Betula pendula,Tree,13.2
Germany,Betulaceae,Betula pubescens,Tree,11.2
Germany,Betulaceae,Carpinus betulus,Tree,30.0
Germany,Betulaceae,Corylus avellana,Shrub,5.5
Germany,Buxaceae,Buxus sempervirens,Tree,9.0
Germany,Celastraceae,Euonymus europaeus,Tree,6.5
Germany,Celastraceae,Euonymus latifolius,Tree,9.4
Germany,Cornaceae,Cornus mas,Tree,8.5
Germany,Cupressaceae,Juniperus communis,Conifer,10.0
Germany,Fagaceae,Fagus sylvatica,Tree,49.0
Germany,Fagaceae,Quercus robur,Tree,20.0
Germany,Juglandaceae,Juglans regia,Tree,16.1
Germany,Malvaceae,Tilia cordata,Tree,9.4
Germany,Malvaceae,Tilia platyphyllos,Tree,2.0
Germany,Oleaceae,Fraxinus excelsior,Tree,15.0
Germany,Pinaceae,Abies alba,Conifer,45.0
Germany,Pinaceae,Larix decidua,Conifer,35.0
Germany,Pinaceae,Picea abies,Conifer,18.8
Germany,Pinaceae,Pinus cembra,Conifer,30.0
Germany,Pinaceae,Pinus mugo,Conifer,37.5
Germany,Pinaceae,Pinus sylvestris,Conifer,35.0
Germany,Pinaceae,Pinus uncinata,Conifer,3.5
Germany,Rhamnaceae,Frangula alnus,Shrub,4.5
Germany,Rhamnaceae,Rhamnus alpina,Tree,10.0
Germany,Rhamnaceae,Rhamnus cathartica,Tree,13.4
Germany,Rosaceae,Crataegus laevigata,Tree,8.0
Germany,Rosaceae,Crataegus monogyna,Tree,9.5
Germany,Rosaceae,Crataegus rhipidophylla,Tree,7.0
Germany,Rosaceae,Malus sylvestris,Tree,10.0
Germany,Rosaceae,Prunus avium,Tree,6.5
Germany,Rosaceae,Prunus padus,Shrub,6.0
Germany,Rosaceae,Prunus spinosa,Tree,13.7
Germany,Rosaceae,Pyrus communis,Tree,10.0
Germany,Rosaceae,Sorbus cordigastensis,Tree,25.0
Germany,Rosaceae,Sorbus danubialis,Tree,17.5
Germany,Rosaceae,Sorbus domestica,Tree,25.0
Germany,Rosaceae,Sorbus franconica,Shrub,4.6
Germany,Rosaceae,Sorbus hoppeana,Tree,18.8
Germany,Rosaceae,Sorbus lonetalensis,Tree,15.6
Germany,Rosaceae,Sorbus meierottii,Tree,11.2
Germany,Rosaceae,Sorbus puellarum,Tree,10.0
Germany,Rosaceae,Sorbus pulchra,Shrub,4.8
Germany,Rosaceae,Sorbus ratisbonensis,Tree,25.0
Germany,Rosaceae,Sorbus schwarziana,Tree,25.0
Germany,Rosaceae,Sorbus seyboldiana,Tree,25.0
Germany,Salicaceae,Populus alba,Tree,15.0
Germany,Salicaceae,Populus nigra,Tree,10.0
Germany,Salicaceae,Salix alba,Tree,11.2
Germany,Salicaceae,Salix caprea,Tree,8.0
Germany,Salicaceae,Salix daphnoides,Shrub,3.0
Germany,Salicaceae,Salix myrsinifolia,Tree,7.0
Germany,Salicaceae,Salix purpurea,Tree,10.0
Germany,Sapindaceae,Acer campestre,Tree,20.0
Germany,Sapindaceae,Acer monspessulanum,Tree,12.5
Germany,Sapindaceae,Acer opalus,Tree,1.0
Germany,Sapindaceae,Acer platanoides,Tree,25.0
Germany,Sapindaceae,Acer pseudoplatanus,Tree,35.0
Germany,Staphyleaceae,Staphylea pinnata,Shrub,4.0
Germany,Taxaceae,Taxus baccata,Conifer,15.0
Germany,Ulmaceae,Ulmus glabra,Tree,4.5
Germany,Viburnaceae,Sambucus racemosa,Tree,10.9
France,Altingiaceae,Liquidambar orientalis,Tree,32.5
France,Anacardiaceae,Cotinus coggygria,Shrub,6.0
France,Anacardiaceae,Pistacia atlantica,Tree,10.0
France,Anacardiaceae,Pistacia lentiscus,Shrub,4.8
France,Anacardiaceae,Rhus coriaria,Tree,13.2
France,Aquifoliaceae,Ilex aquifolium,Tree,18.8
France,Arecaceae,Phoenix theophrasti,Palm,15.0
France,Betulaceae,Alnus glutinosa,Tree,18.2
France,Betulaceae,Betula pendula,Tree,13.2
France,Betulaceae,Carpinus betulus,Tree,30.0
France,Betulaceae,Carpinus orientalis,Tree,10.0
France,Betulaceae,Corylus avellana,Shrub,5.5
France,Betulaceae,Corylus colurna,Shrub,4.8
France,Betulaceae,Ostrya carpinifolia,Tree,17.5
France,Cannabaceae,Celtis australis,Tree,25.0
France,Cannabaceae,Celtis tournefortii,Shrub,6.0
France,Caprifoliaceae,Lonicera nummulariifolia,Tree,13.7
France,Celastraceae,Euonymus europaeus,Tree,6.5
France,Celastraceae,Euonymus latifolius,Tree,9.4
France,Cornaceae,Cornus mas,Tree,8.5
France,Cupressaceae,Cupressus sempervirens,Conifer,7.3
France,Cupressaceae,Juniperus communis,Conifer,10.0
France,Cupressaceae,Juniperus drupacea,Conifer,17.5
France,Cupressaceae,Juniperus excelsa,Conifer,13.0
France,Cupressaceae,Juniperus foetidissima,Conifer,15.5
France,Cupressaceae,Juniperus oxycedrus,Conifer,7.0
France,Cupressaceae,Juniperus phoenicea,Conifer,6.5
France,Cupressaceae,Juniperus turbinata,Conifer,8.0
France,Ericaceae,Arbutus andrachne,Tree,13.4
France,Ericaceae,Arbutus unedo,Tree,15.6
France,Ericaceae,Erica arborea,Tree,7.0
France,Fabaceae,Anagyris foetida,Tree,30.1
France,Fabaceae,Cercis siliquastrum,Tree,12.0
France,Fagaceae,Castanea sativa,Tree,27.5
France,Fagaceae,Fagus orientalis,Tree,45.0
France,Fagaceae,Fagus sylvatica,Tree,49.0
France,Fagaceae,Quercus cerris,Tree,2.0
France,Fagaceae,Quercus coccifera,Tree,38.0
France,Fagaceae,Quercus frainetto,Tree,35.0
France,Fagaceae,Quercus ilex,Tree,15.0
France,Fagaceae,Quercus infectoria,Tree,8.0
France,Fagaceae,Quercus robur,Tree,20.0
France,Fagaceae,Quercus trojana,Tree,30.1
France,Lauraceae,Laurus nobilis,Tree,12.5
France,Malvaceae,Tilia cordata,Tree,9.4
France,Malvaceae,Tilia platyphyllos,Tree,2.0
France,Malvaceae,Tilia tomentosa,Tree,10.0
France,Moraceae,Ficus carica,Tree,8.5
France,Myrtaceae,Myrtus communis,Tree,30.0
France,Oleaceae,Fraxinus angustifolia,Tree,25.0
France,Oleaceae,Fraxinus excelsior,Tree,15.0
France,Oleaceae,Fraxinus ornus,Tree,17.5
France,Oleaceae,Phillyrea latifolia,Tree,15.0
France,Oleaceae,Syringa vulgaris,Shrub,5.0
France,Pinaceae,Abies alba,Conifer,45.0
France,Pinaceae,Abies cephalonica,Conifer,40.0
France,Pinaceae,Picea abies,Conifer,18.8
France,Pinaceae,Pinus brutia,Conifer,18.2
France,Pinaceae,Pinus halepensis,Conifer,30.1
France,Pinaceae,Pinus heldreichii,Conifer,30.0
France,Pinaceae,Pinus nigra,Conifer,37.5
France,Pinaceae,Pinus sylvestris,Conifer,35.0
France,Rhamnaceae,Frangula alnus,Shrub,4.5
France,Rhamnaceae,Rhamnus alaternus,Tree,10.0
France,Rhamnaceae,Rhamnus alpina,Tree,10.0
France,Rhamnaceae,Rhamnus cathartica,Tree,13.4
France,Rosaceae,Crataegus monogyna,Tree,9.5
France,Rosaceae,Crataegus pycnoloba,Tree,13.7
France,Rosaceae,Crataegus rhipidophylla,Tree,7.0
France,Rosaceae,Malus florentina,Tree,7.3
France,Rosaceae,Malus sylvestris,Tree,10.0
France,Rosaceae,Malus trilobata,Tree,15.0
France,Rosaceae,Prunus avium,Tree,6.5
France,Rosaceae,Prunus cocomilia,Tree,16.0
France,Rosaceae,Prunus discolor,Shrub,4.0
France,Rosaceae,Prunus spinosa,Tree,13.7
France,Rosaceae,Pyrus communis,Tree,10.0
France,Rosaceae,Sorbus austriaca,Tree,6.5
France,Rosaceae,Sorbus baldaccii,Tree,9.4
France,Rosaceae,Sorbus domestica,Tree,25.0
France,Rosaceae,Sorbus umbellata,Shrub,3.5
France,Salicaceae,Populus nigra,Tree,10.0
France,Salicaceae,Salix alba,Tree,11.2
France,Salicaceae,Salix purpurea,Tree,10.0
France,Sapindaceae,Acer campestre,Tree,20.0
France,Sapindaceae,Acer heldreichii,Tree,20.0
France,Sapindaceae,Acer hyrcanum,Tree,15.0
France,Sapindaceae,Acer monspessulanum,Tree,12.5
France,Sapindaceae,Acer opalus,Tree,1.0
France,Sapindaceae,Acer platanoides,Tree,25.0
France,Sapindaceae,Acer pseudoplatanus,Tree,35.0
France,Sapindaceae,Acer sempervirens,Tree,10.0
France,Sapindaceae,Acer tataricum,Tree,8.0
France,Sapindaceae,Aesculus hippocastanum,Tree,39.0
France,Styracaceae,Styrax officinalis,Tree,9.5
France,Tamaricaceae,Tamarix dalmatica,Tree,10.0
France,Tamaricaceae,Tamarix hampeana,Tree,8.0
France,Tamaricaceae,Tamarix minoa,Tree,9.5
France,Tamaricaceae,Tamarix nilotica,Shrub,3.0
France,Tamaricaceae,Tamarix ramosissima,Tree,10.5
France,Tamaricaceae,Tamarix smyrnensis,Tree,30.0
France,Tamaricaceae,Tamarix tetrandra,Tree,6.5
France,Taxaceae,Taxus baccata,Conifer,15.0
France,Ulmaceae,Ulmus glabra,Tree,4.5
France,Viburnaceae,Sambucus racemosa,Tree,10.9
France,Viburnaceae,Viburnum tinus,Tree,27.5
Italy,Anacardiaceae,Cotinus coggygria,Shrub,6.0
Italy,Anacardiaceae,Pistacia lentiscus,Shrub,4.8
Italy,Anacardiaceae,Rhus coriaria,Tree,13.2
Italy,Anacardiaceae,Searsia pentaphylla,Tree,13.7
Italy,Aquifoliaceae,Ilex aquifolium,Tree,18.8
Italy,Arecaceae,Chamaerops humilis,Palm,4.0
Italy,Betulaceae,Alnus alnobetula,Tree,7.5
Italy,Betulaceae,Alnus cordata,Tree,25.0
Italy,Betulaceae,Alnus glutinosa,Tree,18.2
Italy,Betulaceae,Alnus incana,Tree,17.5
Italy,Betulaceae,Betula pendula,Tree,13.2
Italy,Betulaceae,Betula pubescens,Tree,11.2
Italy,Betulaceae,Carpinus betulus,Tree,30.0
Italy,Betulaceae,Carpinus orientalis,Tree,10.0
Italy,Betulaceae,Corylus avellana,Shrub,5.5
Italy,Betulaceae,Ostrya carpinifolia,Tree,17.5
Italy,Buxaceae,Buxus sempervirens,Tree,9.0
Italy,Cannabaceae,Celtis australis,Tree,25.0
Italy,Cannabaceae,Celtis tournefortii,Shrub,6.0
Italy,Celastraceae,Euonymus europaeus,Tree,6.5
Italy,Celastraceae,Euonymus latifolius,Tree,9.4
Italy,Cornaceae,Cornus mas,Tree,8.5
Italy,Cupressaceae,Juniperus communis,Conifer,10.0
Italy,Cupressaceae,Juniperus oxycedrus,Conifer,7.0
Italy,Cupressaceae,Juniperus phoenicea,Conifer,6.5
Italy,Cupressaceae,Juniperus turbinata,Conifer,8.0
Italy,Ericaceae,Arbutus unedo,Tree,15.6
Italy,Ericaceae,Erica arborea,Tree,7.0
Italy,Fabaceae,Anagyris foetida,Tree,30.1
Italy,Fabaceae,Cercis siliquastrum,Tree,12.0
Italy,Fabaceae,Genista aetnensis,Tree,8.0
Italy,Fabaceae,Genista tyrrhena,Shrub,4.6
Italy,Fabaceae,Laburnum anagyroides,Tree,7.0
Italy,Fagaceae,Fagus sylvatica,Tree,49.0
Italy,Fagaceae,Quercus cerris,Tree,2.0
Italy,Fagaceae,Quercus coccifera,Tree,38.0
Italy,Fagaceae,Quercus congesta,Tree,32.5
Italy,Fagaceae,Quercus dalechampii,Tree,18.8
Italy,Fagaceae,Quercus frainetto,Tree,35.0
Italy,Fagaceae,Quercus ichnusae,Tree,24.5
Italy,Fagaceae,Quercus ilex,Tree,15.0
Italy,Fagaceae,Quercus robur,Tree,20.0
Italy,Fagaceae,Quercus suber,Tree,33.0
Italy,Fagaceae,Quercus trojana,Tree,30.1
Italy,Lauraceae,Laurus nobilis,Tree,12.5
Italy,Malvaceae,Tilia cordata,Tree,9.4
Italy,Malvaceae,Tilia platyphyllos,Tree,2.0
Italy,Moraceae,Ficus carica,Tree,8.5
Italy,Myrtaceae,Myrtus communis,Tree,30.0
Italy,Oleaceae,Fraxinus angustifolia,Tree,25.0
Italy,Oleaceae,Fraxinus excelsior,Tree,15.0
Italy,Oleaceae,Fraxinus ornus,Tree,17.5
Italy,Oleaceae,Phillyrea latifolia,Tree,15.0
Italy,Pinaceae,Abies alba,Conifer,45.0
Italy,Pinaceae,Abies nebrodensis,Conifer,17.5
Italy,Pinaceae,Larix decidua,Conifer,35.0
Italy,Pinaceae,Picea abies,Conifer,18.8
Italy,Pinaceae,Pinus cembra,Conifer,30.0
Italy,Pinaceae,Pinus halepensis,Conifer,30.1
Italy,Pinaceae,Pinus heldreichii,Conifer,30.0
Italy,Pinaceae,Pinus mugo,Conifer,37.5
Italy,Pinaceae,Pinus nigra,Conifer,37.5
Italy,Pinaceae,Pinus pinea,Conifer,16.0
Italy,Pinaceae,Pinus sylvestris,Conifer,35.0
Italy,Pinaceae,Pinus uncinata,Conifer,3.5
Italy,Rhamnaceae,Frangula alnus,Shrub,4.5
Italy,Rhamnaceae,Rhamnus alaternus,Tree,10.0
Italy,Rhamnaceae,Rhamnus alpina,Tree,10.0
Italy,Rhamnaceae,Rhamnus cathartica,Tree,13.4
Italy,Rhamnaceae,Rhamnus persicifolia,Tree,7.4
Italy,Rosaceae,Crataegus laevigata,Tree,8.0
Italy,Rosaceae,Crataegus monogyna,Tree,9.5
Italy,Rosaceae,Malus florentina,Tree,7.3
Italy,Rosaceae,Malus sylvestris,Tree,10.0
Italy,Rosaceae,Prunus avium,Tree,6.5
Italy,Rosaceae,Prunus brigantina,Tree,10.0
Italy,Rosaceae,Prunus cocomilia,Tree,16.0
Italy,Rosaceae,Prunus padus,Shrub,6.0
Italy,Rosaceae,Prunus spinosa,Tree,13.7
Italy,Rosaceae,Pyrus communis,Tree,10.0
Italy,Rosaceae,Pyrus sicanorum,Tree,6.5
Italy,Rosaceae,Sorbus austriaca,Tree,6.5
Italy,Rosaceae,Sorbus busambarensis,Tree,20.0
Italy,Rosaceae,Sorbus domestica,Tree,25.0
Italy,Rosaceae,Sorbus umbellata,Shrub,3.5
Italy,Salicaceae,Populus alba,Tree,15.0
Italy,Salicaceae,Populus nigra,Tree,10.0
Italy,Salicaceae,Salix alba,Tree,11.2
Italy,Salicaceae,Salix atrocinerea,Tree,7.0
Italy,Salicaceae,Salix caprea,Tree,8.0
Italy,Salicaceae,Salix daphnoides,Shrub,3.0
Italy,Salicaceae,Salix gussonei,Shrub,3.5
Italy,Salicaceae,Salix myrsinifolia,Tree,7.0
Italy,Salicaceae,Salix oropotamica,Tree,14.0
Italy,Salicaceae,Salix pedicellata,Shrub,5.0
Italy,Salicaceae,Salix purpurea,Tree,10.0
Italy,Sapindaceae,Acer campestre,Tree,20.0
Italy,Sapindaceae,Acer lobelii,Tree,22.5
Italy,Sapindaceae,Acer monspessulanum,Tree,12.5
Italy,Sapindaceae,Acer opalus,Tree,1.0
Italy,Sapindaceae,Acer platanoides,Tree,25.0
Italy,Sapindaceae,Acer pseudoplatanus,Tree,35.0
Italy,Staphyleaceae,Staphylea pinnata,Shrub,4.0
Italy,Styracaceae,Styrax officinalis,Tree,9.5
Italy,Tamaricaceae,Tamarix africana,Tree,10.9
Italy,Tamaricaceae,Tamarix dalmatica,Tree,10.0
Italy,Tamaricaceae,Tamarix gallica,Tree,7.3
Italy,Taxaceae,Taxus baccata,Conifer,15.0
Italy,Ulmaceae,Ulmus glabra,Tree,4.5
Italy,Viburnaceae,Sambucus racemosa,Tree,10.9
Italy,Viburnaceae,Viburnum tinus,Tree,27.5
Netherlands,Aquifoliaceae,Ilex aquifolium,Tree,18.8
Netherlands,Betulaceae,Alnus glutinosa,Tree,18.2
Netherlands,Betulaceae,Alnus incana,Tree,17.5
Netherlands,Betulaceae,Betula pendula,Tree,13.2
Netherlands,Betulaceae,Betula pubescens,Tree,11.2
Netherlands,Betulaceae,Carpinus betulus,Tree,30.0
Netherlands,Betulaceae,Corylus avellana,Shrub,5.5
Netherlands,Celastraceae,Euonymus europaeus,Tree,6.5
Netherlands,Cupressaceae,Juniperus communis,Conifer,10.0
Netherlands,Fagaceae,Fagus sylvatica,Tree,49.0
Netherlands,Fagaceae,Quercus robur,Tree,20.0
Netherlands,Malvaceae,Tilia cordata,Tree,9.4
Netherlands,Malvaceae,Tilia platyphyllos,Tree,2.0
Netherlands,Oleaceae,Fraxinus excelsior,Tree,15.0
Netherlands,Rhamnaceae,Frangula alnus,Shrub,4.5
Netherlands,Rhamnaceae,Rhamnus cathartica,Tree,13.4
Netherlands,Rosaceae,Crataegus laevigata,Tree,8.0
Netherlands,Rosaceae,Crataegus monogyna,Tree,9.5
Netherlands,Rosaceae,Crataegus rhipidophylla,Tree,7.0
Netherlands,Rosaceae,Malus sylvestris,Tree,10.0
Netherlands,Rosaceae,Prunus avium,Tree,6.5
Netherlands,Rosaceae,Prunus padus,Shrub,6.0
Netherlands,Rosaceae,Prunus spinosa,Tree,13.7
Netherlands,Rosaceae,Pyrus communis,Tree,10.0
Netherlands,Salicaceae,Populus nigra,Tree,10.0
Netherlands,Salicaceae,Salix alba,Tree,11.2
Netherlands,Salicaceae,Salix atrocinerea,Tree,7.0
Netherlands,Salicaceae,Salix caprea,Tree,8.0
Netherlands,Salicaceae,Salix purpurea,Tree,10.0
Netherlands,Sapindaceae,Acer campestre,Tree,20.0
Netherlands,Sapindaceae,Acer pseudoplatanus,Tree,35.0
Netherlands,Taxaceae,Taxus baccata,Conifer,15.0
Netherlands,Ulmaceae,Ulmus glabra,Tree,4.5
Netherlands,Viburnaceae,Sambucus racemosa,Tree,10.9
Norway,Aquifoliaceae,Ilex aquifolium,Tree,18.8
Norway,Betulaceae,Alnus glutinosa,Tree,18.2
Norway,Betulaceae,Alnus incana,Tree,17.5
Norway,Betulaceae,Betula pendula,Tree,13.2
Norway,Betulaceae,Betula pubescens,Tree,11.2
Norway,Betulaceae,Corylus avellana,Shrub,5.5
Norway,Celastraceae,Euonymus europaeus,Tree,6.5
Norway,Cupressaceae,Juniperus communis,Conifer,10.0
Norway,Fagaceae,Fagus sylvatica,Tree,49.0
Norway,Fagaceae,Quercus robur,Tree,20.0
Norway,Malvaceae,Tilia cordata,Tree,9.4
Norway,Malvaceae,Tilia platyphyllos,Tree,2.0
Norway,Oleaceae,Fraxinus excelsior,Tree,15.0
Norway,Pinaceae,Picea abies,Conifer,18.8
Norway,Pinaceae,Pinus sylvestris,Conifer,35.0
Norway,Rhamnaceae,Frangula alnus,Shrub,4.5
Norway,Rhamnaceae,Rhamnus cathartica,Tree,13.4
Norway,Rosaceae,Crataegus monogyna,Tree,9.5
Norway,Rosaceae,Crataegus rhipidophylla,Tree,7.0
Norway,Rosaceae,Malus sylvestris,Tree,10.0
Norway,Rosaceae,Prunus avium,Tree,6.5
Norway,Rosaceae,Prunus padus,Shrub,6.0
Norway,Rosaceae,Prunus spinosa,Tree,13.7
Norway,Rosaceae,Sorbus sognensis,Tree,18.0
Norway,Rosaceae,Sorbus subpinnata,Tree,25.0
Norway,Salicaceae,Salix alba,Tree,11.2
Norway,Salicaceae,Salix bebbiana,Tree,9.0
Norway,Salicaceae,Salix caprea,Tree,8.0
Norway,Salicaceae,Salix daphnoides,Shrub,3.0
Norway,Salicaceae,Salix myrsinifolia,Tree,7.0
Norway,Sapindaceae,Acer platanoides,Tree,25.0
Norway,Taxaceae,Taxus baccata,Conifer,15.0
Norway,Ulmaceae,Ulmus glabra,Tree,4.5
Norway,Viburnaceae,Sambucus racemosa,Tree,10.9
Poland,Betulaceae,Alnus alnobetula,Tree,7.5
Poland,Betulaceae,Alnus glutinosa,Tree,18.2
Poland,Betulaceae,Alnus incana,Tree,17.5
Poland,Betulaceae,Betula pendula,Tree,13.2
Poland,Betulaceae,Betula pubescens,Tree,11.2
Poland,Betulaceae,Carpinus betulus,Tree,30.0
Poland,Betulaceae,Corylus avellana,Shrub,5.5
Poland,Celastraceae,Euonymus europaeus,Tree,6.5
Poland,Cupressaceae,Juniperus communis,Conifer,10.0
Poland,Fagaceae,Fagus sylvatica,Tree,49.0
Poland,Fagaceae,Quercus robur,Tree,20.0
Poland,Malvaceae,Tilia cordata,Tree,9.4
Poland,Malvaceae,Tilia platyphyllos,Tree,2.0
Poland,Oleaceae,Fraxinus excelsior,Tree,15.0
Poland,Pinaceae,Abies alba,Conifer,45.0
Poland,Pinaceae,Larix decidua,Conifer,35.0
Poland,Pinaceae,Picea abies,Conifer,18.8
Poland,Pinaceae,Pinus cembra,Conifer,30.0
Poland,Pinaceae,Pinus mugo,Conifer,37.5
Poland,Pinaceae,Pinus sylvestris,Conifer,35.0
Poland,Rhamnaceae,Frangula alnus,Shrub,4.5
Poland,Rhamnaceae,Rhamnus cathartica,Tree,13.4
Poland,Rosaceae,Crataegus laevigata,Tree,8.0
Poland,Rosaceae,Crataegus monogyna,Tree,9.5
Poland,Rosaceae,Crataegus rhipidophylla,Tree,7.0
Poland,Rosaceae,Malus sylvestris,Tree,10.0
Poland,Rosaceae,Prunus avium,Tree,6.5
Poland,Rosaceae,Prunus padus,Shrub,6.0
Poland,Rosaceae,Prunus spinosa,Tree,13.7
Poland,Rosaceae,Pyrus communis,Tree,10.0
Poland,Salicaceae,Populus alba,Tree,15.0
Poland,Salicaceae,Populus nigra,Tree,10.0
Poland,Salicaceae,Salix alba,Tree,11.2
Poland,Salicaceae,Salix caprea,Tree,8.0
Poland,Salicaceae,Salix daphnoides,Shrub,3.0
Poland,Salicaceae,Salix myrsinifolia,Tree,7.0
Poland,Salicaceae,Salix purpurea,Tree,10.0
Poland,Sapindaceae,Acer campestre,Tree,20.0
Poland,Sapindaceae,Acer platanoides,Tree,25.0
Poland,Sapindaceae,Acer pseudoplatanus,Tree,35.0
Poland,Staphyleaceae,Staphylea pinnata,Shrub,4.0
Poland,Taxaceae,Taxus baccata,Conifer,15.0
Poland,Ulmaceae,Ulmus glabra,Tree,4.5
Poland,Viburnaceae,Sambucus racemosa,Tree,10.9
Portugal,Anacardiaceae,Pistacia lentiscus,Shrub,4.8
Portugal,Anacardiaceae,Rhus coriaria,Tree,13.2
Portugal,Aquifoliaceae,Ilex aquifolium,Tree,18.8
Portugal,Aquifoliaceae,Ilex canariensis,Tree,10.0
Portugal,Aquifoliaceae,Ilex perado,Tree,18.2
Portugal,Arecaceae,Chamaerops humilis,Palm,4.0
Portugal,Betulaceae,Alnus glutinosa,Tree,18.2
Portugal,Betulaceae,Alnus lusitanica,Tree,16.1
Portugal,Betulaceae,Corylus avellana,Shrub,5.5
Portugal,Buxaceae,Buxus sempervirens,Tree,9.0
Portugal,Cannabaceae,Celtis australis,Tree,25.0
Portugal,Celastraceae,Euonymus europaeus,Tree,6.5
Portugal,Celastraceae,Maytenus umbellata,Tree,6.5
Portugal,Clethraceae,Clethra arborea,Shrub,6.0
Portugal,Cupressaceae,Juniperus brevifolia,Conifer,6.0
Portugal,Cupressaceae,Juniperus cedrus,Conifer,30.1
Portugal,Cupressaceae,Juniperus communis,Conifer,10.0
Portugal,Cupressaceae,Juniperus oxycedrus,Conifer,7.0
Portugal,Cupressaceae,Juniperus phoenicea,Conifer,6.5
Portugal,Cupressaceae,Juniperus turbinata,Conifer,8.0
Portugal,Ericaceae,Arbutus unedo,Tree,15.6
Portugal,Ericaceae,Erica arborea,Tree,7.0
Portugal,Ericaceae,Vaccinium cylindraceum,Shrub,3.0
Portugal,Ericaceae,Vaccinium padifolium,Tree,35.0
Portugal,Euphorbiaceae,Euphorbia mellifera,Shrub,2.0
Portugal,Fabaceae,Anagyris foetida,Tree,30.1
Portugal,Fagaceae,Quercus canariensis,Tree,32.5
Portugal,Fagaceae,Quercus cerris,Tree,2.0
Portugal,Fagaceae,Quercus coccifera,Tree,38.0
Portugal,Fagaceae,Quercus faginea,Tree,38.0
Portugal,Fagaceae,Quercus pyrenaica,Tree,7.5
Portugal,Fagaceae,Quercus robur,Tree,20.0
Portugal,Fagaceae,Quercus rotundifolia,Tree,15.0
Portugal,Fagaceae,Quercus suber,Tree,33.0
Portugal,Lauraceae,Laurus azorica,Tree,14.0
Portugal,Lauraceae,Laurus nobilis,Tree,12.5
Portugal,Lauraceae,Laurus novocanariensis,Shrub,4.8
Portugal,Lauraceae,Ocotea foetens,Tree,11.5
Portugal,Malvaceae,Tilia tomentosa,Tree,10.0
Portugal,Moraceae,Ficus carica,Tree,8.5
Portugal,Myrtaceae,Myrtus communis,Tree,30.0
Portugal,Oleaceae,Fraxinus angustifolia,Tree,25.0
Portugal,Oleaceae,Olea maderensis,Tree,24.0
Portugal,Oleaceae,Phillyrea latifolia,Tree,15.0
Portugal,Oleaceae,Picconia azorica,Tree,10.0
Portugal,Oleaceae,Picconia excelsa,Tree,45.0
Portugal,Pinaceae,Pinus pinea,Conifer,16.0
Portugal,Pinaceae,Pinus sylvestris,Conifer,35.0
Portugal,Pittosporaceae,Pittosporum coriaceum,Tree,30.0
Portugal,Rhamnaceae,Frangula alnus,Shrub,4.5
Portugal,Rhamnaceae,Rhamnus alaternus,Tree,10.0
Portugal,Rhamnaceae,Rhamnus glandulosa,Tree,17.6
Portugal,Rosaceae,Chamaemeles coriacea,Shrub,3.5
Portugal,Rosaceae,Crataegus monogyna,Tree,9.5
Portugal,Rosaceae,Malus sylvestris,Tree,10.0
Portugal,Rosaceae,Prunus avium,Tree,6.5
Portugal,Rosaceae,Prunus lusitanica,Tree,6.0
Portugal,Rosaceae,Prunus padus,Shrub,6.0
Portugal,Rosaceae,Prunus spinosa,Tree,13.7
Portugal,Rosaceae,Pyrus cordata,Tree,10.0
Portugal,Salicaceae,Populus alba,Tree,15.0
Portugal,Salicaceae,Populus nigra,Tree,10.0
Portugal,Salicaceae,Salix alba,Tree,11.2
Portugal,Salicaceae,Salix atrocinerea,Tree,7.0
Portugal,Salicaceae,Salix caprea,Tree,8.0
Portugal,Salicaceae,Salix purpurea,Tree,10.0
Portugal,Salicaceae,Salix salviifolia,Shrub,6.0
Portugal,Salicaceae,Sonchus fruticosus,Tree,7.3
Portugal,Sapindaceae,Acer campestre,Tree,20.0
Portugal,Sapindaceae,Acer monspessulanum,Tree,12.5
Portugal,Sapindaceae,Acer pseudoplatanus,Tree,35.0
Portugal,Sapotaceae,Sideroxylon mirmulans,Shrub,2.0
Portugal,Tamaricaceae,Tamarix africana,Tree,10.9
Portugal,Taxaceae,Taxus baccata,Conifer,15.0
Portugal,Viburnaceae,Sambucus lanceolata,Shrub,4.0
Portugal,Viburnaceae,Viburnum tinus,Tree,27.5
Portugal,Viburnaceae,Viburnum treleasei,Tree,35.0
Spain,Anacardiaceae,Pistacia atlantica,Tree,10.0
Spain,Anacardiaceae,Pistacia lentiscus,Shrub,4.8
Spain,Anacardiaceae,Rhus coriaria,Tree,13.2
Spain,Aquifoliaceae,Ilex aquifolium,Tree,18.8
Spain,Aquifoliaceae,Ilex canariensis,Tree,10.0
Spain,Aquifoliaceae,Ilex perado,Tree,18.2
Spain,Arecaceae,Chamaerops humilis,Palm,4.0
Spain,Arecaceae,Phoenix canariensis,Palm,4.6
Spain,Arecaceae,Phoenix theophrasti,Palm,15.0
Spain,Betulaceae,Alnus glutinosa,Tree,18.2
Spain,Betulaceae,Alnus lusitanica,Tree,16.1
Spain,Betulaceae,Betula pendula,Tree,13.2
Spain,Betulaceae,Betula pubescens,Tree,11.2
Spain,Betulaceae,Carpinus betulus,Tree,30.0
Spain,Betulaceae,Corylus avellana,Shrub,5.5
Spain,Buxaceae,Buxus sempervirens,Tree,9.0
Spain,Cannabaceae,Celtis australis,Tree,25.0
Spain,Caprifoliaceae,Lonicera arborea,Tree,10.9
Spain,Celastraceae,Euonymus europaeus,Tree,6.5
Spain,Celastraceae,Euonymus latifolius,Tree,9.4
Spain,Cupressaceae,Juniperus cedrus,Conifer,30.1
Spain,Cupressaceae,Juniperus communis,Conifer,10.0
Spain,Cupressaceae,Juniperus oxycedrus,Conifer,7.0
Spain,Cupressaceae,Juniperus phoenicea,Conifer,6.5
Spain,Cupressaceae,Juniperus thurifera,Conifer,13.0
Spain,Cupressaceae,Juniperus turbinata,Conifer,8.0
Spain,Ericaceae,Arbutus canariensis,Tree,17.6
Spain,Ericaceae,Arbutus unedo,Tree,15.6
Spain,Ericaceae,Erica arborea,Tree,7.0
Spain,Euphorbiaceae,Euphorbia margalidiana,Shrub,1.5
Spain,Euphorbiaceae,Euphorbia mellifera,Shrub,2.0
Spain,Fabaceae,Anagyris foetida,Tree,30.1
Spain,Fagaceae,Fagus sylvatica,Tree,49.0
Spain,Fagaceae,Quercus canariensis,Tree,32.5
Spain,Fagaceae,Quercus coccifera,Tree,38.0
Spain,Fagaceae,Quercus faginea,Tree,38.0
Spain,Fagaceae,Quercus ilex,Tree,15.0
Spain,Fagaceae,Quercus pauciradiata,Tree,49.0
Spain,Fagaceae,Quercus pyrenaica,Tree,7.5
Spain,Fagaceae,Quercus robur,Tree,20.0
Spain,Fagaceae,Quercus rotundifolia,Tree,15.0
Spain,Fagaceae,Quercus suber,Tree,33.0
Spain,Lauraceae,Laurus nobilis,Tree,12.5
Spain,Lauraceae,Laurus novocanariensis,Shrub,4.8
Spain,Lauraceae,Ocotea foetens,Tree,11.5
Spain,Malvaceae,Tilia cordata,Tree,9.4
Spain,Malvaceae,Tilia platyphyllos,Tree,2.0
Spain,Moraceae,Ficus carica,Tree,8.5
Spain,Myricaceae,Morella rivas-martinezii,Shrub,5.0
Spain,Myrtaceae,Myrtus communis,Tree,30.0
Spain,Oleaceae,Fraxinus angustifolia,Tree,25.0
Spain,Oleaceae,Fraxinus excelsior,Tree,15.0
Spain,Oleaceae,Fraxinus ornus,Tree,17.5
Spain,Oleaceae,Phillyrea latifolia,Tree,15.0
Spain,Oleaceae,Picconia excelsa,Tree,45.0
Spain,Pinaceae,Abies alba,Conifer,45.0
Spain,Pinaceae,Abies pinsapo,Conifer,25.0
Spain,Pinaceae,Pinus canariensis,Conifer,16.1
Spain,Pinaceae,Pinus halepensis,Conifer,30.1
Spain,Pinaceae,Pinus nigra,Conifer,37.5
Spain,Pinaceae,Pinus pinea,Conifer,16.0
Spain,Pinaceae,Pinus sylvestris,Conifer,35.0
Spain,Pinaceae,Pinus uncinata,Conifer,3.5
Spain,Primulaceae,Pleiomeris canariensis,Shrub,2.0
Spain,Rhamnaceae,Frangula alnus,Shrub,4.5
Spain,Rhamnaceae,Rhamnus alaternus,Tree,10.0
Spain,Rhamnaceae,Rhamnus alpina,Tree,10.0
Spain,Rhamnaceae,Rhamnus cathartica,Tree,13.4
Spain,Rhamnaceae,Rhamnus glandulosa,Tree,17.6
Spain,Rosaceae,Crataegus laevigata,Tree,8.0
Spain,Rosaceae,Crataegus monogyna,Tree,9.5
Spain,Rosaceae,Malus sylvestris,Tree,10.0
Spain,Rosaceae,Prunus avium,Tree,6.5
Spain,Rosaceae,Prunus lusitanica,Tree,6.0
Spain,Rosaceae,Prunus padus,Shrub,6.0
Spain,Rosaceae,Prunus ramburii,Tree,17.5
Spain,Rosaceae,Prunus spinosa,Tree,13.7
Spain,Rosaceae,Pyrus cordata,Tree,10.0
Spain,Rosaceae,Sorbus domestica,Tree,25.0
Spain,Rubiaceae,Plocama pendula,Tree,13.7
Spain,Salicaceae,Populus alba,Tree,15.0
Spain,Salicaceae,Populus nigra,Tree,10.0
Spain,Salicaceae,Salix alba,Tree,11.2
Spain,Salicaceae,Salix atrocinerea,Tree,7.0
Spain,Salicaceae,Salix canariensis,Tree,9.5
Spain,Salicaceae,Salix caprea,Tree,8.0
Spain,Salicaceae,Salix daphnoides,Shrub,3.0
Spain,Salicaceae,Salix myrsinifolia,Tree,7.0
Spain,Salicaceae,Salix pedicellata,Shrub,5.0
Spain,Salicaceae,Salix purpurea,Tree,10.0
Spain,Salicaceae,Salix salviifolia,Shrub,6.0
Spain,Sapindaceae,Acer campestre,Tree,20.0
Spain,Sapindaceae,Acer monspessulanum,Tree,12.5
Spain,Sapindaceae,Acer opalus,Tree,1.0
Spain,Sapindaceae,Acer platanoides,Tree,25.0
Spain,Sapindaceae,Acer pseudoplatanus,Tree,35.0
Spain,Sapotaceae,Sideroxylon canariense,Shrub,2.0
Spain,Tamaricaceae,Tamarix africana,Tree,10.9
Spain,Tamaricaceae,Tamarix boveana,Tree,13.7
Spain,Tamaricaceae,Tamarix gallica,Tree,7.3
Spain,Tamaricaceae,Tamarix mascatensis,Tree,9.5
Spain,Taxaceae,Taxus baccata,Conifer,15.0
Spain,Ulmaceae,Ulmus glabra,Tree,4.5
Spain,Viburnaceae,Sambucus racemosa,Tree,10.9
Spain,Viburnaceae,Viburnum tinus,Tree,27.5
Sweden,Aquifoliaceae,Ilex aquifolium,Tree,18.8
Sweden,Betulaceae,Alnus glutinosa,Tree,18.2
Sweden,Betulaceae,Alnus incana,Tree,17.5
Sweden,Betulaceae,Betula pendula,Tree,13.2
Sweden,Betulaceae,Betula pubescens,Tree,11.2
Sweden,Betulaceae,Carpinus betulus,Tree,30.0
Sweden,Betulaceae,Corylus avellana,Shrub,5.5
Sweden,Celastraceae,Euonymus europaeus,Tree,6.5
Sweden,Cupressaceae,Juniperus communis,Conifer,10.0
Sweden,Fagaceae,Fagus sylvatica,Tree,49.0
Sweden,Fagaceae,Quercus robur,Tree,20.0
Sweden,Malvaceae,Tilia cordata,Tree,9.4
Sweden,Malvaceae,Tilia platyphyllos,Tree,2.0
Sweden,Oleaceae,Fraxinus excelsior,Tree,15.0
Sweden,Pinaceae,Picea abies,Conifer,18.8
Sweden,Pinaceae,Pinus sylvestris,Conifer,35.0
Sweden,Rhamnaceae,Frangula alnus,Shrub,4.5
Sweden,Rhamnaceae,Rhamnus cathartica,Tree,13.4
Sweden,Rosaceae,Crataegus laevigata,Tree,8.0
Sweden,Rosaceae,Crataegus monogyna,Tree,9.5
Sweden,Rosaceae,Crataegus rhipidophylla,Tree,7.0
Sweden,Rosaceae,Malus sylvestris,Tree,10.0
Sweden,Rosaceae,Prunus avium,Tree,6.5
Sweden,Rosaceae,Prunus padus,Shrub,6.0
Sweden,Rosaceae,Prunus spinosa,Tree,13.7
Sweden,Salicaceae,Salix alba,Tree,11.2
Sweden,Salicaceae,Salix bebbiana,Tree,9.0
Sweden,Salicaceae,Salix caprea,Tree,8.0
Sweden,Salicaceae,Salix daphnoides,Shrub,3.0
Sweden,Salicaceae,Salix myrsinifolia,Tree,7.0
Sweden,Sapindaceae,Acer campestre,Tree,20.0
Sweden,Sapindaceae,Acer platanoides,Tree,25.0
Sweden,Taxaceae,Taxus baccata,Conifer,15.0
Sweden,Ulmaceae,Ulmus glabra,Tree,4.5
Switzerland,Anacardiaceae,Cotinus coggygria,Shrub,6.0
Switzerland,Aquifoliaceae,Ilex aquifolium,Tree,18.8
Switzerland,Betulaceae,Alnus alnobetula,Tree,7.5
Switzerland,Betulaceae,Alnus glutinosa,Tree,18.2
Switzerland,Betulaceae,Alnus incana,Tree,17.5
Switzerland,Betulaceae,Betula pendula,Tree,13.2
Switzerland,Betulaceae,Betula pubescens,Tree,11.2
Switzerland,Betulaceae,Carpinus betulus,Tree,30.0
Switzerland,Betulaceae,Corylus avellana,Shrub,5.5
Switzerland,Betulaceae,Ostrya carpinifolia,Tree,17.5
Switzerland,Buxaceae,Buxus sempervirens,Tree,9.0
Switzerland,Celastraceae,Euonymus europaeus,Tree,6.5
Switzerland,Celastraceae,Euonymus latifolius,Tree,9.4
Switzerland,Cornaceae,Cornus mas,Tree,8.5
Switzerland,Cupressaceae,Juniperus communis,Conifer,10.0
Switzerland,Fabaceae,Laburnum anagyroides,Tree,7.0
Switzerland,Fagaceae,Fagus sylvatica,Tree,49.0
Switzerland,Fagaceae,Quercus cerris,Tree,2.0
Switzerland,Fagaceae,Quercus ilex,Tree,15.0
Switzerland,Fagaceae,Quercus robur,Tree,20.0
Switzerland,Malvaceae,Tilia cordata,Tree,9.4
Switzerland,Malvaceae,Tilia platyphyllos,Tree,2.0
Switzerland,Oleaceae,Fraxinus excelsior,Tree,15.0
Switzerland,Oleaceae,Fraxinus ornus,Tree,17.5
Switzerland,Pinaceae,Abies alba,Conifer,45.0
Switzerland,Pinaceae,Larix decidua,Conifer,35.0
Switzerland,Pinaceae,Picea abies,Conifer,18.8
Switzerland,Pinaceae,Pinus cembra,Conifer,30.0
Switzerland,Pinaceae,Pinus mugo,Conifer,37.5
Switzerland,Pinaceae,Pinus sylvestris,Conifer,35.0
Switzerland,Pinaceae,Pinus uncinata,Conifer,3.5
Switzerland,Rhamnaceae,Frangula alnus,Shrub,4.5
Switzerland,Rhamnaceae,Rhamnus alaternus,Tree,10.0
Switzerland,Rhamnaceae,Rhamnus alpina,Tree,10.0
Switzerland,Rhamnaceae,Rhamnus cathartica,Tree,13.4
Switzerland,Rosaceae,Crataegus laevigata,Tree,8.0
Switzerland,Rosaceae,Crataegus monogyna,Tree,9.5
Switzerland,Rosaceae,Crataegus rhipidophylla,Tree,7.0
Switzerland,Rosaceae,Malus sylvestris,Tree,10.0
Switzerland,Rosaceae,Prunus avium,Tree,6.5
Switzerland,Rosaceae,Prunus padus,Shrub,6.0
Switzerland,Rosaceae,Pyrus communis,Tree,10.0
Switzerland,Salicaceae,Populus alba,Tree,15.0
Switzerland,Salicaceae,Salix alba,Tree,11.2
Switzerland,Salicaceae,Salix caprea,Tree,8.0
Switzerland,Salicaceae,Salix daphnoides,Shrub,3.0
Switzerland,Salicaceae,Salix myrsinifolia,Tree,7.0
Switzerland,Salicaceae,Salix purpurea,Tree,10.0
Switzerland,Sapindaceae,Acer campestre,Tree,20.0
Switzerland,Sapindaceae,Acer opalus,Tree,1.0
Switzerland,Sapindaceae,Acer platanoides,Tree,25.0
Switzerland,Sapindaceae,Acer pseudoplatanus,Tree,35.0
Switzerland,Staphyleaceae,Staphylea pinnata,Shrub,4.0
Switzerland,Tamaricaceae,Tamarix gallica,Tree,7.3
Switzerland,Taxaceae,Taxus baccata,Conifer,15.0
Switzerland,Ulmaceae,Ulmus glabra,Tree,4.5
Switzerland,Viburnaceae,Sambucus racemosa,Tree,10.9
Switzerland,Viburnaceae,Viburnum tinus,Tree,27.5
Turkey,Altingiaceae,Liquidambar orientalis,Tree,32.5
Turkey,Amaranthaceae,Halostachys belangeriana,Shrub,2.0
Turkey,Anacardiaceae,Cotinus coggygria,Shrub,6.0
Turkey,Anacardiaceae,Pistacia atlantica,Tree,10.0
Turkey,Anacardiaceae,Pistacia khinjuk,Shrub,4.0
Turkey,Anacardiaceae,Pistacia lentiscus,Shrub,4.8
Turkey,Anacardiaceae,Rhus coriaria,Tree,13.2
Turkey,Aquifoliaceae,Ilex aquifolium,Tree,18.8
Turkey,Arecaceae,Phoenix theophrasti,Palm,15.0
Turkey,Betulaceae,Alnus glutinosa,Tree,18.2
Turkey,Betulaceae,Alnus incana,Tree,17.5
Turkey,Betulaceae,Betula pendula,Tree,13.2
Turkey,Betulaceae,Betula pubescens,Tree,11.2
Turkey,Betulaceae,Carpinus betulus,Tree,30.0
Turkey,Betulaceae,Carpinus orientalis,Tree,10.0
Turkey,Betulaceae,Corylus avellana,Shrub,5.5
Turkey,Betulaceae,Corylus colurna,Shrub,4.8
Turkey,Betulaceae,Ostrya carpinifolia,Tree,17.5
Turkey,Buxaceae,Buxus sempervirens,Tree,9.0
Turkey,Cannabaceae,Celtis australis,Tree,25.0
Turkey,Caprifoliaceae,Lonicera nummulariifolia,Tree,13.7
Turkey,Celastraceae,Euonymus europaeus,Tree,6.5
Turkey,Celastraceae,Euonymus latifolius,Tree,9.4
Turkey,Cornaceae,Cornus mas,Tree,8.5
Turkey,Cupressaceae,Cupressus sempervirens,Conifer,7.3
Turkey,Cupressaceae,Juniperus communis,Conifer,10.0
Turkey,Cupressaceae,Juniperus drupacea,Conifer,17.5
Turkey,Cupressaceae,Juniperus excelsa,Conifer,13.0
Turkey,Cupressaceae,Juniperus foetidissima,Conifer,15.5
Turkey,Cupressaceae,Juniperus oxycedrus,Conifer,7.0
Turkey,Cupressaceae,Juniperus phoenicea,Conifer,6.5
Turkey,Cupressaceae,Juniperus turbinata,Conifer,8.0
Turkey,Elaeagnaceae,Elaeagnus angustifolia,Shrub,6.0
Turkey,Ericaceae,Arbutus andrachne,Tree,13.4
Turkey,Ericaceae,Arbutus unedo,Tree,15.6
Turkey,Ericaceae,Erica arborea,Tree,7.0
Turkey,Fabaceae,Anagyris foetida,Tree,30.1
Turkey,Fabaceae,Cercis siliquastrum,Tree,12.0
Turkey,Fabaceae,Prosopis farcta,Shrub,2.0
Turkey,Fagaceae,Castanea sativa,Tree,27.5
Turkey,Fagaceae,Fagus orientalis,Tree,45.0
Turkey,Fagaceae,Fagus sylvatica,Tree,49.0
Turkey,Fagaceae,Quercus brantii,Tree,25.0
Turkey,Fagaceae,Quercus cerris,Tree,2.0
Turkey,Fagaceae,Quercus coccifera,Tree,38.0
Turkey,Fagaceae,Quercus frainetto,Tree,35.0
Turkey,Fagaceae,Quercus ilex,Tree,15.0
Turkey,Fagaceae,Quercus infectoria,Tree,8.0
Turkey,Fagaceae,Quercus libani,Tree,18.2
Turkey,Fagaceae,Quercus macranthera,Tree,30.0
Turkey,Fagaceae,Quercus pontica,Tree,16.1
Turkey,Fagaceae,Quercus robur,Tree,20.0
Turkey,Juglandaceae,Juglans regia,Tree,16.1
Turkey,Malvaceae,Tilia tomentosa,Tree,10.0
Turkey,Moraceae,Ficus carica,Tree,8.5
Turkey,Myrtaceae,Myrtus communis,Tree,30.0
Turkey,Oleaceae,Fraxinus angustifolia,Tree,25.0
Turkey,Oleaceae,Fraxinus excelsior,Tree,15.0
Turkey,Oleaceae,Fraxinus ornus,Tree,17.5
Turkey,Oleaceae,Phillyrea latifolia,Tree,15.0
Turkey,Pinaceae,Abies cilicica,Conifer,38.0
Turkey,Pinaceae,Abies nordmanniana,Conifer,13.7
Turkey,Pinaceae,Cedrus libani,Conifer,40.0
Turkey,Pinaceae,Picea orientalis,Conifer,27.5
Turkey,Pinaceae,Pinus brutia,Conifer,18.2
Turkey,Pinaceae,Pinus nigra,Conifer,37.5
Turkey,Pinaceae,Pinus sylvestris,Conifer,35.0
Turkey,Rhamnaceae,Frangula alnus,Shrub,4.5
Turkey,Rhamnaceae,Rhamnus alaternus,Tree,10.0
Turkey,Rhamnaceae,Rhamnus alpina,Tree,10.0
Turkey,Rhamnaceae,Rhamnus cathartica,Tree,13.4
Turkey,Rhamnaceae,Rhamnus imeretina,Tree,15.6
Turkey,Rosaceae,Cotoneaster morulus,Shrub,1.8
Turkey,Rosaceae,Cotoneaster transcaucasicus,Shrub,1.8
Turkey,Rosaceae,Crataegus monogyna,Tree,9.5
Turkey,Rosaceae,Crataegus pseudoheterophylla,Tree,10.9
Turkey,Rosaceae,Crataegus rhipidophylla,Tree,7.0
Turkey,Rosaceae,Crataegus tanacetifolia,Tree,10.0
Turkey,Rosaceae,Malus florentina,Tree,7.3
Turkey,Rosaceae,Malus sylvestris,Tree,10.0
Turkey,Rosaceae,Malus trilobata,Tree,15.0
Turkey,Rosaceae,Mespilus germanica,Shrub,5.5
Turkey,Rosaceae,Prunus avium,Tree,6.5
Turkey,Rosaceae,Prunus cocomilia,Tree,16.0
Turkey,Rosaceae,Prunus discolor,Shrub,4.0
Turkey,Rosaceae,Prunus fenzliana,Shrub,4.0
Turkey,Rosaceae,Prunus korshinskyi,Tree,15.0
Turkey,Rosaceae,Prunus laurocerasus,Shrub,6.0
Turkey,Rosaceae,Prunus microcarpa,Tree,16.0
Turkey,Rosaceae,Prunus padus,Shrub,6.0
Turkey,Rosaceae,Prunus spinosa,Tree,13.7
Turkey,Rosaceae,Pyrus anatolica,Shrub,4.6
Turkey,Rosaceae,Pyrus communis,Tree,10.0
Turkey,Rosaceae,Pyrus hakkiarica,Tree,10.0
Turkey,Rosaceae,Pyrus oxyprion,Tree,11.0
Turkey,Rosaceae,Sorbus domestica,Tree,25.0
Turkey,Rosaceae,Sorbus subfusca,Tree,20.0
Turkey,Rosaceae,Sorbus umbellata,Shrub,3.5
Turkey,Salicaceae,Populus alba,Tree,15.0
Turkey,Salicaceae,Populus euphratica,Tree,7.3
Turkey,Salicaceae,Populus nigra,Tree,10.0
Turkey,Salicaceae,Salix acmophylla,Tree,20.0
Turkey,Salicaceae,Salix alba,Tree,11.2
Turkey,Salicaceae,Salix caprea,Tree,8.0
Turkey,Salicaceae,Salix euxina,Shrub,1.5
Turkey,Salicaceae,Salix pseudodepressa,Shrub,2.0
Turkey,Salicaceae,Salix pseudomedemii,Shrub,4.8
Turkey,Salicaceae,Salix wilhelmsiana,Shrub,6.0
Turkey,Sapindaceae,Acer campestre,Tree,20.0
Turkey,Sapindaceae,Acer cappadocicum,Tree,25.0
Turkey,Sapindaceae,Acer divergens,Shrub,4.6
Turkey,Sapindaceae,Acer heldreichii,Tree,20.0
Turkey,Sapindaceae,Acer hyrcanum,Tree,15.0
Turkey,Sapindaceae,Acer monspessulanum,Tree,12.5
Turkey,Sapindaceae,Acer platanoides,Tree,25.0
Turkey,Sapindaceae,Acer pseudoplatanus,Tree,35.0
Turkey,Sapindaceae,Acer sempervirens,Tree,10.0
Turkey,Sapindaceae,Acer tataricum,Tree,8.0
Turkey,Sapindaceae,Acer undulatum,Tree,18.8
Turkey,Staphyleaceae,Staphylea pinnata,Shrub,4.0
Turkey,Styracaceae,Styrax officinalis,Tree,9.5
Turkey,Tamaricaceae,Tamarix hampeana,Tree,8.0
Turkey,Tamaricaceae,Tamarix ramosissima,Tree,10.5
Turkey,Tamaricaceae,Tamarix smyrnensis,Tree,30.0
Turkey,Tamaricaceae,Tamarix tetrandra,Tree,6.5
Turkey,Taxaceae,Taxus baccata,Conifer,15.0
Turkey,Ulmaceae,Ulmus glabra,Tree,4.5
Turkey,Viburnaceae,Viburnum tinus,Tree,27.5
United Kingdom,Aquifoliaceae,Ilex aquifolium,Tree,18.8
United Kingdom,Betulaceae,Alnus glutinosa,Tree,18.2
United Kingdom,Betulaceae,Betula pendula,Tree,13.2
United Kingdom,Betulaceae,Betula pubescens,Tree,11.2
United Kingdom,Betulaceae,Carpinus betulus,Tree,30.0
United Kingdom,Betulaceae,Corylus avellana,Shrub,5.5
United Kingdom,Buxaceae,Buxus sempervirens,Tree,9.0
United Kingdom,Celastraceae,Euonymus europaeus,Tree,6.5
United Kingdom,Cupressaceae,Juniperus communis,Conifer,10.0
United Kingdom,Fagaceae,Fagus sylvatica,Tree,49.0
United Kingdom,Fagaceae,Quercus robur,Tree,20.0
United Kingdom,Malvaceae,Tilia cordata,Tree,9.4
United Kingdom,Malvaceae,Tilia platyphyllos,Tree,2.0
United Kingdom,Oleaceae,Fraxinus excelsior,Tree,15.0
United Kingdom,Pinaceae,Pinus sylvestris,Conifer,35.0
United Kingdom,Rhamnaceae,Frangula alnus,Shrub,4.5
United Kingdom,Rhamnaceae,Rhamnus cathartica,Tree,13.4
United Kingdom,Rosaceae,Crataegus laevigata,Tree,8.0
United Kingdom,Rosaceae,Crataegus monogyna,Tree,9.5
United Kingdom,Rosaceae,Malus sylvestris,Tree,10.0
United Kingdom,Rosaceae,Prunus avium,Tree,6.5
United Kingdom,Rosaceae,Prunus padus,Shrub,6.0
United Kingdom,Rosaceae,Prunus spinosa,Tree,13.7
United Kingdom,Rosaceae,Pyrus communis,Tree,10.0
United Kingdom,Rosaceae,Pyrus cordata,Tree,10.0
United Kingdom,Rosaceae,Sorbus bristoliensis,Tree,25.0
United Kingdom,Rosaceae,Sorbus cambrensis,Tree,25.0
United Kingdom,Rosaceae,Sorbus devoniensis,Tree,10.0
United Kingdom,Rosaceae,Sorbus domestica,Tree,25.0
United Kingdom,Rosaceae,Sorbus eminens,Tree,25.0
United Kingdom,Rosaceae,Sorbus eminentiformis,Tree,17.5
United Kingdom,Rosaceae,Sorbus eminentoides,Tree,13.7
United Kingdom,Rosaceae,Sorbus herefordensis,Tree,12.5
United Kingdom,Rosaceae,Sorbus lancastriensis,Tree,18.2
United Kingdom,Rosaceae,Sorbus leighensis,Tree,30.1
United Kingdom,Rosaceae,Sorbus leptophylla,Tree,13.4
United Kingdom,Rosaceae,Sorbus leyana,Tree,17.6
United Kingdom,Rosaceae,Sorbus pseudofennica,Shrub,3.5
United Kingdom,Rosaceae,Sorbus vexans,Tree,6.5
United Kingdom,Rosaceae,Sorbus whiteana,Tree,9.5
United Kingdom,Rosaceae,Sorbus wilmottiana,Tree,9.5
United Kingdom,Salicaceae,Populus nigra,Tree,10.0
United Kingdom,Salicaceae,Salix alba,Tree,11.2
United Kingdom,Salicaceae,Salix atrocinerea,Tree,7.0
United Kingdom,Salicaceae,Salix caprea,Tree,8.0
United Kingdom,Salicaceae,Salix myrsinifolia,Tree,7.0
United Kingdom,Salicaceae,Salix purpurea,Tree,10.0
United Kingdom,Sapindaceae,Acer campestre,Tree,20.0
United Kingdom,Taxaceae,Taxus baccata,Conifer,15.0
United Kingdom,Ulmaceae,Ulmus glabra,Tree,4.5
